,customer_id,signup_date,acquisition_channel,city,segment
4,5,2024-07-23,referral,Taichung,new
6,7,2024-07-29,organic,Taoyuan,new
7,8,2023-10-22,social,Taichung,new
11,12,2024-11-14,ads,Taipei,new
13,14,2023-08-14,ads,Hsinchu,new
14,15,2024-06-11,referral,Tainan,new
15,16,2023-04-15,ads,Kaohsiung,new
19,20,2023-08-26,ads,Kaohsiung,new
22,23,2024-05-22,social,Kaohsiung,new
23,24,2024-09-11,partner,Taipei,new
24,25,2025-07-19,partner,Tainan,new
28,29,2025-10-01,partner,Hsinchu,new
29,30,2023-04-05,ads,Hsinchu,new
30,31,2024-04-22,organic,Kaohsiung,new
31,32,2023-03-08,ads,Kaohsiung,new
32,33,2024-08-06,social,Taipei,new
34,35,2024-07-04,partner,Kaohsiung,new
35,36,2023-07-18,social,Kaohsiung,new
37,38,2024-12-14,ads,Tainan,new
39,40,2024-03-12,organic,Tainan,new
40,41,2023-04-02,social,Kaohsiung,new
42,43,2024-08-12,referral,Tainan,new
43,44,2023-10-03,referral,Taichung,new
44,45,2025-03-10,ads,Taoyuan,new
45,46,2023-08-07,referral,Kaohsiung,new
47,48,2024-05-28,partner,Taichung,new
48,49,2025-11-24,referral,Tainan,new
50,51,2025-03-21,organic,Taichung,new
51,52,2023-05-10,ads,Taichung,new
54,55,2025-03-24,partner,Tainan,new
55,56,2024-05-25,partner,Tainan,new
56,57,2024-03-01,partner,Taipei,new
57,58,2023-10-23,organic,Kaohsiung,new
58,59,2023-01-11,ads,Tainan,new
59,60,2023-12-06,organic,Hsinchu,new
60,61,2024-09-18,partner,Kaohsiung,new
61,62,2025-11-16,referral,Tainan,new
62,63,2023-02-07,partner,Hsinchu,new
63,64,2022-12-21,organic,Taipei,new
67,68,2025-02-26,ads,Taipei,new
68,69,2024-09-10,referral,Taichung,new
70,71,2024-11-15,referral,Taichung,new
73,74,2025-08-14,partner,Taichung,new
74,75,2025-11-27,ads,Taichung,new
75,76,2025-07-13,social,Taipei,new
77,78,2023-06-07,referral,Taipei,new
78,79,2024-08-27,referral,Taipei,new
80,81,2024-04-14,organic,Hsinchu,new
81,82,2024-08-22,social,Kaohsiung,new
82,83,2023-04-10,partner,Hsinchu,new
83,84,2025-03-13,organic,Taipei,new
84,85,2023-07-08,organic,Kaohsiung,new
85,86,2023-11-17,ads,Hsinchu,new
86,87,2025-01-17,organic,Kaohsiung,new
88,89,2023-07-15,organic,Hsinchu,new
90,91,2025-09-17,ads,Taichung,new
91,92,2024-10-09,referral,Taipei,new
93,94,2025-08-26,ads,Taichung,new
94,95,2023-11-11,organic,Kaohsiung,new
95,96,2024-10-06,organic,Hsinchu,new
98,99,2025-09-10,partner,Tainan,new
100,101,2025-08-29,partner,Hsinchu,new
103,104,2023-12-12,social,Hsinchu,new
104,105,2025-08-07,organic,Tainan,new
107,108,2023-07-22,ads,Taoyuan,new
108,109,2023-11-04,ads,Taichung,new
112,113,2024-12-03,social,Tainan,new
113,114,2022-12-04,partner,Taoyuan,new
115,116,2023-03-05,social,Kaohsiung,new
116,117,2024-09-19,organic,Kaohsiung,new
117,118,2023-10-18,partner,Taichung,new
123,124,2025-10-04,partner,Tainan,new
127,128,2024-09-02,ads,Taoyuan,new
128,129,2025-10-16,partner,Kaohsiung,new
131,132,2025-05-20,ads,Taoyuan,new
132,133,2024-08-26,ads,Hsinchu,new
135,136,2025-01-20,referral,Hsinchu,new
137,138,2024-11-09,organic,Taoyuan,new
138,139,2023-03-14,referral,Taoyuan,new
140,141,2024-12-28,ads,Taichung,new
141,142,2023-02-08,ads,Hsinchu,new
142,143,2025-09-18,organic,Kaohsiung,new
144,145,2024-02-24,referral,Taipei,new
145,146,2024-03-09,ads,Taipei,new
146,147,2023-10-02,partner,Taichung,new
147,148,2022-12-28,social,Tainan,new
149,150,2024-09-17,partner,Taipei,new
151,152,2025-08-09,organic,Hsinchu,new
152,153,2025-03-24,referral,Taipei,new
153,154,2023-10-11,partner,Taoyuan,new
154,155,2023-10-04,partner,Taipei,new
155,156,2025-04-30,social,Kaohsiung,new
157,158,2025-08-03,partner,Taipei,new
159,160,2024-02-04,social,Hsinchu,new
160,161,2024-12-09,partner,Taichung,new
163,164,2024-07-18,partner,Taoyuan,new
166,167,2025-04-02,ads,Taichung,new
167,168,2024-06-20,organic,Hsinchu,new
170,171,2023-08-25,ads,Kaohsiung,new
173,174,2024-01-25,referral,Kaohsiung,new
174,175,2022-12-04,referral,Taipei,new
175,176,2023-04-08,partner,Taichung,new
177,178,2025-02-18,social,Taichung,new
178,179,2023-12-02,organic,Taipei,new
181,182,2025-04-17,social,Kaohsiung,new
182,183,2023-05-03,social,Taipei,new
189,190,2024-04-07,referral,Taipei,new
190,191,2024-01-13,partner,Taipei,new
191,192,2024-05-15,organic,Taichung,new
192,193,2025-02-14,partner,Taoyuan,new
193,194,2023-03-07,social,Taichung,new
194,195,2023-06-11,organic,Hsinchu,new
195,196,2023-03-07,organic,Kaohsiung,new
196,197,2025-05-28,referral,Taichung,new
197,198,2023-04-14,organic,Taipei,new
198,199,2023-07-10,referral,Hsinchu,new
199,200,2025-03-18,ads,Tainan,new
202,203,2024-02-12,ads,Hsinchu,new
203,204,2025-01-10,ads,Taichung,new
205,206,2025-03-23,ads,Taoyuan,new
207,208,2025-10-19,referral,Taoyuan,new
209,210,2024-10-07,social,Taoyuan,new
210,211,2025-09-05,organic,Kaohsiung,new
216,217,2025-08-21,referral,Taipei,new
217,218,2025-04-06,referral,Taipei,new
218,219,2024-06-01,social,Taoyuan,new
219,220,2023-08-29,partner,Hsinchu,new
221,222,2023-04-19,organic,Taichung,new
222,223,2023-06-23,ads,Hsinchu,new
223,224,2023-05-20,ads,Tainan,new
224,225,2025-04-10,referral,Tainan,new
226,227,2025-06-18,organic,Taichung,new
227,228,2025-11-26,organic,Taoyuan,new
231,232,2023-07-29,partner,Kaohsiung,new
236,237,2024-02-21,partner,Kaohsiung,new
237,238,2023-05-23,organic,Taipei,new
238,239,2025-05-22,ads,Taoyuan,new
239,240,2024-01-28,social,Kaohsiung,new
241,242,2024-06-07,organic,Tainan,new
242,243,2024-06-28,referral,Tainan,new
243,244,2025-01-08,social,Kaohsiung,new
244,245,2023-04-16,ads,Hsinchu,new
247,248,2023-01-18,social,Taipei,new
249,250,2024-04-11,referral,Taipei,new
250,251,2025-09-14,social,Hsinchu,new
251,252,2024-04-08,partner,Hsinchu,new
252,253,2025-10-11,partner,Taoyuan,new
254,255,2023-10-10,referral,Taipei,new
256,257,2024-04-25,social,Taoyuan,new
258,259,2023-05-30,referral,Taipei,new
260,261,2024-05-04,ads,Taipei,new
261,262,2022-11-27,ads,Kaohsiung,new
262,263,2023-06-21,referral,Tainan,new
267,268,2023-09-27,partner,Taoyuan,new
270,271,2024-01-21,referral,Taichung,new
271,272,2024-11-24,partner,Kaohsiung,new
272,273,2025-11-10,ads,Taoyuan,new
273,274,2023-09-28,referral,Hsinchu,new
275,276,2022-12-30,social,Taoyuan,new
276,277,2024-03-26,ads,Tainan,new
283,284,2023-01-08,ads,Tainan,new
284,285,2025-01-30,organic,Hsinchu,new
285,286,2024-09-19,referral,Hsinchu,new
286,287,2023-10-08,organic,Tainan,new
288,289,2025-06-29,social,Tainan,new
289,290,2023-01-16,partner,Taipei,new
291,292,2025-10-14,ads,Taoyuan,new
292,293,2023-02-26,social,Kaohsiung,new
295,296,2025-07-10,partner,Taipei,new
297,298,2025-08-28,partner,Tainan,new
299,300,2023-11-11,social,Hsinchu,new
300,301,2023-09-06,organic,Taoyuan,new
301,302,2023-08-29,organic,Taichung,new
302,303,2023-02-09,referral,Taoyuan,new
303,304,2023-06-06,ads,Taipei,new
304,305,2025-02-12,ads,Taichung,new
305,306,2023-12-12,partner,Taoyuan,new
309,310,2025-10-20,referral,Tainan,new
310,311,2025-08-10,referral,Hsinchu,new
311,312,2024-06-26,referral,Kaohsiung,new
313,314,2024-04-17,partner,Hsinchu,new
314,315,2024-06-24,ads,Taichung,new
315,316,2023-01-21,referral,Taichung,new
316,317,2024-02-15,partner,Taoyuan,new
317,318,2024-12-04,partner,Taipei,new
318,319,2023-02-28,organic,Tainan,new
322,323,2023-01-22,partner,Tainan,new
324,325,2022-12-30,organic,Hsinchu,new
325,326,2024-11-18,referral,Taoyuan,new
326,327,2025-03-27,referral,Taipei,new
329,330,2022-12-29,social,Tainan,new
331,332,2023-11-25,ads,Hsinchu,new
332,333,2023-01-07,organic,Taoyuan,new
336,337,2025-10-01,referral,Tainan,new
337,338,2025-02-10,ads,Taoyuan,new
339,340,2025-08-02,partner,Taoyuan,new
340,341,2025-04-14,social,Kaohsiung,new
341,342,2025-08-10,partner,Hsinchu,new
342,343,2023-01-18,partner,Hsinchu,new
343,344,2023-07-05,organic,Tainan,new
347,348,2024-07-09,organic,Hsinchu,new
348,349,2023-12-18,partner,Tainan,new
349,350,2025-03-22,ads,Tainan,new
350,351,2025-09-08,organic,Taoyuan,new
352,353,2024-10-09,referral,Taichung,new
353,354,2023-12-13,partner,Taichung,new
354,355,2024-12-09,partner,Taoyuan,new
357,358,2025-05-03,social,Hsinchu,new
361,362,2024-06-27,referral,Hsinchu,new
363,364,2025-02-28,organic,Taoyuan,new
365,366,2025-08-18,organic,Taoyuan,new
366,367,2023-10-07,partner,Hsinchu,new
367,368,2024-01-29,referral,Taoyuan,new
368,369,2024-01-08,referral,Taoyuan,new
369,370,2022-12-18,social,Tainan,new
370,371,2025-11-11,referral,Kaohsiung,new
371,372,2023-01-17,organic,Tainan,new
372,373,2024-12-14,ads,Tainan,new
373,374,2024-02-09,social,Taipei,new
374,375,2024-06-21,ads,Tainan,new
375,376,2025-08-15,social,Tainan,new
378,379,2024-07-27,partner,Taipei,new
380,381,2023-11-21,ads,Taipei,new
381,382,2023-09-16,referral,Taoyuan,new
383,384,2024-01-30,referral,Kaohsiung,new
384,385,2023-03-25,ads,Taichung,new
385,386,2025-02-21,social,Taoyuan,new
389,390,2024-12-04,ads,Taipei,new
390,391,2022-12-14,organic,Kaohsiung,new
391,392,2022-12-16,organic,Taipei,new
392,393,2023-04-25,ads,Kaohsiung,new
394,395,2025-08-03,social,Taoyuan,new
397,398,2025-04-16,organic,Taipei,new
398,399,2023-11-24,partner,Taichung,new
399,400,2025-08-22,partner,Taipei,new
400,401,2023-02-08,referral,Taichung,new
401,402,2025-06-13,social,Taipei,new
403,404,2023-06-29,organic,Kaohsiung,new
404,405,2024-12-03,organic,Taipei,new
405,406,2025-03-20,organic,Taoyuan,new
408,409,2024-11-05,social,Taipei,new
409,410,2024-04-21,referral,Taoyuan,new
410,411,2024-12-17,partner,Taoyuan,new
411,412,2024-06-14,organic,Hsinchu,new
413,414,2023-01-24,partner,Taichung,new
415,416,2024-06-16,organic,Tainan,new
418,419,2025-09-22,partner,Taichung,new
421,422,2025-10-31,ads,Taichung,new
422,423,2024-02-22,social,Tainan,new
423,424,2023-03-07,referral,Taoyuan,new
424,425,2024-03-08,partner,Taoyuan,new
426,427,2022-12-01,partner,Tainan,new
429,430,2023-02-14,social,Hsinchu,new
430,431,2023-08-09,referral,Taoyuan,new
432,433,2024-06-18,ads,Tainan,new
434,435,2023-01-12,social,Taichung,new
437,438,2024-02-23,social,Hsinchu,new
440,441,2023-10-12,organic,Taoyuan,new
441,442,2025-03-18,social,Taoyuan,new
444,445,2024-09-25,referral,Taoyuan,new
445,446,2023-12-15,organic,Taichung,new
446,447,2024-05-28,partner,Hsinchu,new
447,448,2025-07-06,organic,Taipei,new
448,449,2022-12-21,referral,Kaohsiung,new
449,450,2023-05-08,organic,Tainan,new
451,452,2024-11-06,ads,Kaohsiung,new
454,455,2024-11-07,referral,Taoyuan,new
455,456,2023-09-26,partner,Tainan,new
456,457,2024-09-13,referral,Hsinchu,new
457,458,2024-04-05,partner,Taoyuan,new
459,460,2025-06-11,social,Tainan,new
460,461,2023-10-08,partner,Tainan,new
461,462,2025-03-24,social,Hsinchu,new
464,465,2024-05-10,partner,Tainan,new
466,467,2023-09-25,ads,Taichung,new
470,471,2024-12-24,organic,Taichung,new
474,475,2022-12-26,partner,Taichung,new
475,476,2023-06-16,referral,Taoyuan,new
476,477,2025-07-22,ads,Taichung,new
477,478,2025-10-21,partner,Taipei,new
478,479,2024-08-10,organic,Tainan,new
485,486,2025-10-13,ads,Tainan,new
486,487,2023-08-25,referral,Taichung,new
487,488,2023-02-02,organic,Taichung,new
488,489,2025-07-29,ads,Hsinchu,new
489,490,2023-06-20,referral,Hsinchu,new
490,491,2023-07-05,social,Kaohsiung,new
491,492,2024-05-29,organic,Kaohsiung,new
493,494,2025-04-16,organic,Kaohsiung,new
494,495,2025-06-20,ads,Taichung,new
495,496,2025-01-23,partner,Taoyuan,new
496,497,2024-07-04,ads,Hsinchu,new
497,498,2023-12-10,social,Taoyuan,new
498,499,2023-01-12,ads,Hsinchu,new
499,500,2024-12-14,referral,Taoyuan,new
500,501,2024-09-25,organic,Kaohsiung,new
501,502,2024-05-02,referral,Taoyuan,new
502,503,2024-04-13,social,Taoyuan,new
503,504,2024-04-19,referral,Taoyuan,new
506,507,2023-04-26,ads,Kaohsiung,new
507,508,2023-07-04,organic,Taichung,new
509,510,2025-11-06,referral,Taichung,new
511,512,2024-11-30,social,Taoyuan,new
512,513,2025-03-14,ads,Tainan,new
513,514,2023-03-26,ads,Tainan,new
514,515,2024-05-01,social,Kaohsiung,new
515,516,2024-05-19,referral,Hsinchu,new
516,517,2024-08-12,ads,Kaohsiung,new
520,521,2023-10-13,ads,Taipei,new
525,526,2024-07-14,social,Taichung,new
527,528,2023-10-13,ads,Tainan,new
530,531,2023-08-09,ads,Taoyuan,new
531,532,2025-01-24,social,Taichung,new
534,535,2025-05-06,ads,Hsinchu,new
535,536,2024-09-11,ads,Tainan,new
536,537,2024-08-18,partner,Taipei,new
539,540,2024-03-29,partner,Tainan,new
541,542,2023-08-18,social,Tainan,new
542,543,2023-11-01,organic,Hsinchu,new
543,544,2025-09-27,ads,Tainan,new
545,546,2023-06-16,partner,Tainan,new
546,547,2024-12-04,social,Taichung,new
548,549,2025-09-03,organic,Taipei,new
551,552,2024-08-13,referral,Tainan,new
554,555,2025-04-07,referral,Hsinchu,new
556,557,2024-11-12,partner,Taipei,new
558,559,2023-04-30,ads,Tainan,new
559,560,2024-10-27,ads,Taoyuan,new
560,561,2023-01-29,ads,Kaohsiung,new
561,562,2024-12-07,partner,Kaohsiung,new
562,563,2023-01-23,organic,Tainan,new
565,566,2024-01-04,ads,Tainan,new
566,567,2023-02-01,ads,Kaohsiung,new
567,568,2025-01-04,organic,Taipei,new
568,569,2023-05-21,organic,Taoyuan,new
570,571,2025-11-14,social,Tainan,new
571,572,2023-06-01,partner,Kaohsiung,new
572,573,2023-09-03,ads,Taoyuan,new
573,574,2024-06-17,referral,Hsinchu,new
575,576,2025-05-06,social,Taipei,new
576,577,2023-06-14,partner,Taichung,new
577,578,2025-07-25,organic,Taipei,new
578,579,2025-02-04,ads,Taoyuan,new
579,580,2023-05-10,social,Taoyuan,new
581,582,2023-04-02,organic,Hsinchu,new
582,583,2024-02-20,partner,Hsinchu,new
585,586,2024-03-22,ads,Taipei,new
587,588,2025-05-18,referral,Taichung,new
590,591,2024-08-24,ads,Taoyuan,new
591,592,2025-08-10,ads,Taoyuan,new
593,594,2025-09-27,social,Taipei,new
594,595,2024-03-30,ads,Hsinchu,new
596,597,2022-12-03,partner,Hsinchu,new
597,598,2025-07-17,social,Kaohsiung,new
600,601,2023-06-28,organic,Kaohsiung,new
601,602,2023-10-26,organic,Kaohsiung,new
603,604,2025-01-04,organic,Taipei,new
604,605,2024-04-28,referral,Taichung,new
605,606,2024-09-15,social,Kaohsiung,new
606,607,2023-03-22,organic,Taichung,new
607,608,2025-01-08,organic,Taipei,new
609,610,2023-06-06,social,Kaohsiung,new
610,611,2025-06-15,social,Taipei,new
612,613,2023-01-20,social,Taipei,new
613,614,2024-05-17,ads,Hsinchu,new
614,615,2025-05-28,ads,Taipei,new
616,617,2024-08-12,partner,Kaohsiung,new
617,618,2025-05-18,partner,Taichung,new
622,623,2025-10-30,social,Taoyuan,new
623,624,2023-10-31,social,Taichung,new
624,625,2023-07-04,social,Taichung,new
626,627,2024-05-12,organic,Taichung,new
630,631,2024-08-24,organic,Kaohsiung,new
631,632,2025-04-01,partner,Taoyuan,new
632,633,2022-12-30,partner,Taipei,new
634,635,2025-06-30,organic,Kaohsiung,new
635,636,2023-12-05,ads,Taoyuan,new
636,637,2025-11-19,social,Kaohsiung,new
638,639,2023-07-12,ads,Tainan,new
639,640,2025-11-03,ads,Taichung,new
641,642,2024-06-07,ads,Taichung,new
642,643,2022-12-04,social,Kaohsiung,new
643,644,2022-12-24,referral,Taichung,new
644,645,2023-09-03,organic,Taichung,new
645,646,2025-03-16,partner,Tainan,new
646,647,2024-04-27,ads,Taichung,new
649,650,2024-11-09,partner,Kaohsiung,new
650,651,2025-02-16,organic,Kaohsiung,new
653,654,2023-02-12,partner,Taichung,new
655,656,2023-10-17,organic,Kaohsiung,new
656,657,2023-06-16,referral,Taichung,new
659,660,2025-06-29,referral,Taichung,new
660,661,2024-01-26,ads,Taichung,new
661,662,2023-08-17,referral,Taichung,new
662,663,2025-05-29,referral,Tainan,new
663,664,2024-09-11,referral,Taipei,new
665,666,2024-07-21,social,Hsinchu,new
666,667,2023-10-13,partner,Tainan,new
667,668,2024-07-09,organic,Kaohsiung,new
668,669,2024-08-17,ads,Hsinchu,new
671,672,2025-01-26,organic,Hsinchu,new
674,675,2025-03-30,social,Tainan,new
675,676,2024-10-15,referral,Hsinchu,new
676,677,2025-08-22,organic,Tainan,new
677,678,2024-11-17,organic,Hsinchu,new
678,679,2023-07-19,organic,Taoyuan,new
679,680,2024-05-28,partner,Taipei,new
680,681,2024-05-02,partner,Taipei,new
681,682,2023-10-27,ads,Taipei,new
682,683,2025-02-01,partner,Taipei,new
683,684,2023-02-14,social,Hsinchu,new
686,687,2025-08-04,organic,Tainan,new
689,690,2025-07-11,social,Taichung,new
692,693,2025-07-23,organic,Taichung,new
693,694,2023-08-04,social,Taoyuan,new
694,695,2024-12-22,referral,Kaohsiung,new
695,696,2023-08-03,partner,Hsinchu,new
699,700,2023-02-19,ads,Taipei,new
702,703,2024-12-07,partner,Kaohsiung,new
703,704,2023-03-22,organic,Taipei,new
706,707,2025-02-14,referral,Hsinchu,new
707,708,2025-01-04,partner,Taipei,new
708,709,2023-07-17,ads,Taichung,new
709,710,2024-04-06,organic,Tainan,new
710,711,2023-01-16,partner,Taichung,new
711,712,2023-05-07,referral,Hsinchu,new
714,715,2025-08-25,partner,Hsinchu,new
715,716,2025-07-28,referral,Taipei,new
718,719,2024-11-15,social,Kaohsiung,new
720,721,2024-04-06,organic,Taoyuan,new
721,722,2024-10-10,partner,Taoyuan,new
723,724,2025-04-16,organic,Taoyuan,new
724,725,2025-01-14,social,Tainan,new
725,726,2023-05-18,ads,Hsinchu,new
726,727,2025-08-16,referral,Tainan,new
727,728,2023-01-18,referral,Tainan,new
728,729,2023-07-22,ads,Taipei,new
729,730,2025-06-17,partner,Taichung,new
730,731,2024-07-29,referral,Kaohsiung,new
732,733,2022-12-25,partner,Taoyuan,new
733,734,2024-12-25,organic,Hsinchu,new
734,735,2023-05-20,organic,Kaohsiung,new
736,737,2025-04-01,ads,Taichung,new
737,738,2024-12-16,organic,Taoyuan,new
739,740,2023-02-01,referral,Kaohsiung,new
740,741,2025-06-14,referral,Kaohsiung,new
741,742,2023-11-30,organic,Taichung,new
743,744,2025-07-08,referral,Tainan,new
744,745,2023-04-19,referral,Taichung,new
746,747,2023-04-04,ads,Taipei,new
748,749,2024-03-16,partner,Tainan,new
749,750,2025-05-27,partner,Tainan,new
750,751,2023-03-31,partner,Taichung,new
753,754,2023-12-04,referral,Taipei,new
754,755,2023-12-31,organic,Tainan,new
755,756,2023-05-17,social,Taichung,new
756,757,2025-05-24,social,Tainan,new
759,760,2023-04-05,organic,Taipei,new
761,762,2023-05-26,social,Taichung,new
762,763,2025-06-09,partner,Hsinchu,new
764,765,2024-05-22,referral,Tainan,new
765,766,2025-09-30,ads,Tainan,new
767,768,2025-01-21,organic,Kaohsiung,new
768,769,2022-12-28,social,Kaohsiung,new
771,772,2024-07-03,referral,Taichung,new
772,773,2024-10-23,partner,Hsinchu,new
774,775,2024-05-08,partner,Taoyuan,new
776,777,2024-08-31,social,Hsinchu,new
777,778,2024-10-11,social,Taoyuan,new
780,781,2025-08-16,ads,Taoyuan,new
781,782,2023-12-07,organic,Tainan,new
782,783,2023-02-05,partner,Taipei,new
783,784,2024-05-18,social,Taipei,new
784,785,2023-01-05,social,Tainan,new
785,786,2023-10-15,ads,Taoyuan,new
791,792,2022-12-26,partner,Tainan,new
792,793,2024-12-14,partner,Tainan,new
794,795,2023-07-09,ads,Taipei,new
796,797,2024-05-26,social,Kaohsiung,new
797,798,2025-11-28,partner,Hsinchu,new
798,799,2024-01-29,ads,Hsinchu,new
799,800,2023-01-27,referral,Taoyuan,new
805,806,2023-12-12,organic,Tainan,new
808,809,2025-09-02,partner,Taoyuan,new
810,811,2024-12-27,ads,Taipei,new
812,813,2024-09-18,partner,Taipei,new
813,814,2025-02-26,social,Kaohsiung,new
814,815,2025-07-25,social,Kaohsiung,new
815,816,2024-11-12,referral,Tainan,new
816,817,2024-09-20,partner,Taipei,new
817,818,2023-04-03,social,Taichung,new
819,820,2023-10-14,referral,Taichung,new
821,822,2025-10-16,organic,Taoyuan,new
822,823,2025-05-16,social,Tainan,new
823,824,2025-05-22,organic,Tainan,new
824,825,2023-06-03,referral,Taichung,new
825,826,2025-02-11,referral,Hsinchu,new
826,827,2023-03-28,partner,Hsinchu,new
829,830,2023-10-20,ads,Taoyuan,new
830,831,2025-08-04,ads,Taipei,new
832,833,2023-05-03,partner,Kaohsiung,new
834,835,2023-02-17,partner,Hsinchu,new
835,836,2025-02-13,referral,Taichung,new
836,837,2025-10-09,referral,Hsinchu,new
837,838,2025-02-27,ads,Taichung,new
838,839,2024-09-18,social,Kaohsiung,new
839,840,2024-04-20,social,Taoyuan,new
840,841,2025-05-31,referral,Taichung,new
842,843,2025-01-18,ads,Kaohsiung,new
844,845,2024-09-28,referral,Taichung,new
845,846,2025-12-01,organic,Taichung,new
848,849,2023-11-06,referral,Taipei,new
849,850,2025-10-19,referral,Taoyuan,new
850,851,2024-11-15,ads,Tainan,new
852,853,2025-11-26,organic,Taoyuan,new
854,855,2023-10-18,organic,Tainan,new
855,856,2023-05-11,ads,Hsinchu,new
856,857,2025-04-11,organic,Taoyuan,new
857,858,2023-04-19,organic,Taipei,new
859,860,2024-09-05,referral,Taipei,new
860,861,2025-03-12,organic,Taoyuan,new
861,862,2024-05-04,social,Taichung,new
863,864,2023-05-10,ads,Tainan,new
864,865,2025-04-20,social,Hsinchu,new
865,866,2024-01-28,referral,Taipei,new
869,870,2024-12-25,organic,Taipei,new
870,871,2024-04-15,ads,Taipei,new
871,872,2022-12-14,referral,Tainan,new
873,874,2024-07-01,partner,Kaohsiung,new
875,876,2025-07-09,referral,Tainan,new
876,877,2024-11-27,ads,Taichung,new
878,879,2024-07-23,organic,Hsinchu,new
881,882,2024-12-11,referral,Hsinchu,new
883,884,2024-07-02,social,Kaohsiung,new
885,886,2023-09-12,partner,Tainan,new
886,887,2025-01-16,partner,Hsinchu,new
887,888,2024-01-01,referral,Tainan,new
888,889,2023-03-26,social,Taipei,new
890,891,2024-01-06,partner,Taichung,new
891,892,2025-10-15,ads,Taichung,new
892,893,2024-04-05,social,Taichung,new
893,894,2025-08-22,ads,Taipei,new
895,896,2024-12-05,partner,Taichung,new
896,897,2024-11-24,referral,Kaohsiung,new
899,900,2025-05-18,social,Taoyuan,new
900,901,2024-01-19,organic,Tainan,new
901,902,2024-11-28,social,Taipei,new
902,903,2025-08-09,organic,Taichung,new
903,904,2023-03-21,organic,Taipei,new
904,905,2025-02-16,referral,Taichung,new
905,906,2024-09-21,ads,Hsinchu,new
906,907,2023-03-14,referral,Kaohsiung,new
908,909,2024-09-09,organic,Taipei,new
910,911,2024-06-13,social,Taichung,new
911,912,2024-03-17,organic,Tainan,new
912,913,2025-01-27,referral,Tainan,new
913,914,2024-11-15,partner,Tainan,new
915,916,2024-04-15,ads,Taichung,new
917,918,2024-04-03,referral,Hsinchu,new
924,925,2024-11-18,referral,Hsinchu,new
925,926,2023-04-04,referral,Hsinchu,new
926,927,2025-10-16,organic,Tainan,new
927,928,2023-08-12,social,Taoyuan,new
929,930,2024-09-16,referral,Taipei,new
930,931,2023-04-08,referral,Kaohsiung,new
931,932,2022-12-27,organic,Kaohsiung,new
934,935,2024-08-04,social,Taoyuan,new
935,936,2025-07-20,ads,Taichung,new
937,938,2025-01-08,partner,Tainan,new
938,939,2023-03-24,partner,Kaohsiung,new
939,940,2023-01-05,organic,Kaohsiung,new
940,941,2023-01-10,partner,Taipei,new
942,943,2023-10-07,social,Hsinchu,new
943,944,2024-08-09,ads,Kaohsiung,new
944,945,2025-04-08,referral,Taipei,new
946,947,2024-02-02,social,Kaohsiung,new
947,948,2023-04-05,social,Hsinchu,new
948,949,2025-05-31,referral,Taipei,new
949,950,2023-02-19,social,Tainan,new
950,951,2025-03-10,partner,Taipei,new
951,952,2024-10-08,referral,Taoyuan,new
952,953,2024-07-19,ads,Taichung,new
953,954,2023-03-02,referral,Taipei,new
956,957,2025-04-17,ads,Kaohsiung,new
957,958,2024-11-09,organic,Taichung,new
959,960,2025-07-05,social,Hsinchu,new
960,961,2025-05-10,partner,Taipei,new
961,962,2023-11-12,partner,Tainan,new
966,967,2024-10-13,referral,Taoyuan,new
968,969,2025-05-06,organic,Kaohsiung,new
972,973,2023-06-26,organic,Hsinchu,new
974,975,2023-06-14,partner,Hsinchu,new
976,977,2025-04-14,partner,Taoyuan,new
977,978,2023-11-22,organic,Tainan,new
978,979,2025-05-31,organic,Hsinchu,new
979,980,2023-01-08,organic,Taoyuan,new
981,982,2025-07-02,organic,Kaohsiung,new
982,983,2023-05-16,partner,Taoyuan,new
983,984,2024-06-10,partner,Taoyuan,new
984,985,2023-06-26,ads,Taoyuan,new
985,986,2023-12-09,ads,Taichung,new
988,989,2023-05-19,ads,Tainan,new
990,991,2023-03-13,ads,Hsinchu,new
991,992,2025-05-06,ads,Tainan,new
992,993,2025-10-17,ads,Taoyuan,new
994,995,2025-03-27,referral,Taoyuan,new
995,996,2024-01-01,social,Taichung,new
997,998,2024-03-18,ads,Kaohsiung,new
999,1000,2025-09-02,social,Kaohsiung,new
1000,1001,2023-08-16,organic,Taichung,new
1001,1002,2024-05-31,organic,Kaohsiung,new
1004,1005,2024-03-28,ads,Tainan,new
1005,1006,2023-04-22,referral,Hsinchu,new
1006,1007,2023-03-08,organic,Tainan,new
1008,1009,2024-05-23,organic,Hsinchu,new
1010,1011,2024-11-07,partner,Taichung,new
1011,1012,2025-02-08,organic,Kaohsiung,new
1013,1014,2023-10-01,referral,Taipei,new
1014,1015,2024-02-14,social,Kaohsiung,new
1015,1016,2024-03-14,referral,Tainan,new
1017,1018,2024-11-11,social,Taoyuan,new
1023,1024,2023-01-27,organic,Kaohsiung,new
1024,1025,2023-06-04,social,Hsinchu,new
1025,1026,2023-11-24,referral,Taichung,new
1027,1028,2023-09-09,organic,Tainan,new
1028,1029,2023-05-29,partner,Kaohsiung,new
1029,1030,2024-05-28,partner,Taipei,new
1031,1032,2024-08-19,social,Kaohsiung,new
1032,1033,2023-10-01,referral,Kaohsiung,new
1033,1034,2023-08-22,organic,Taoyuan,new
1038,1039,2025-04-05,ads,Kaohsiung,new
1041,1042,2024-07-17,referral,Taichung,new
1042,1043,2025-05-26,referral,Kaohsiung,new
1043,1044,2024-04-27,ads,Hsinchu,new
1045,1046,2023-03-11,ads,Taichung,new
1046,1047,2025-08-09,referral,Kaohsiung,new
1049,1050,2024-03-12,organic,Taoyuan,new
1051,1052,2024-10-27,referral,Kaohsiung,new
1052,1053,2024-04-10,organic,Taoyuan,new
1053,1054,2023-11-11,social,Hsinchu,new
1054,1055,2024-05-14,organic,Kaohsiung,new
1057,1058,2023-05-04,referral,Taipei,new
1058,1059,2024-09-25,referral,Hsinchu,new
1059,1060,2022-12-28,organic,Taipei,new
1061,1062,2025-06-06,social,Hsinchu,new
1062,1063,2024-04-22,partner,Taichung,new
1063,1064,2023-06-04,organic,Tainan,new
1065,1066,2025-08-04,partner,Kaohsiung,new
1066,1067,2023-08-12,partner,Kaohsiung,new
1069,1070,2023-12-01,social,Taichung,new
1073,1074,2023-09-02,referral,Taoyuan,new
1074,1075,2025-11-21,referral,Kaohsiung,new
1077,1078,2024-01-27,organic,Hsinchu,new
1078,1079,2024-11-23,referral,Hsinchu,new
1079,1080,2024-04-18,social,Hsinchu,new
1080,1081,2025-06-28,partner,Taoyuan,new
1082,1083,2024-08-30,referral,Taoyuan,new
1083,1084,2023-11-29,referral,Kaohsiung,new
1084,1085,2023-09-30,ads,Kaohsiung,new
1085,1086,2024-10-08,partner,Taichung,new
1086,1087,2022-12-06,organic,Kaohsiung,new
1087,1088,2024-09-02,partner,Taoyuan,new
1089,1090,2024-09-11,partner,Taipei,new
1091,1092,2024-07-01,ads,Kaohsiung,new
1093,1094,2023-04-23,referral,Taichung,new
1095,1096,2023-07-19,ads,Taichung,new
1098,1099,2025-07-05,partner,Taipei,new
1099,1100,2023-03-25,social,Taipei,new
1100,1101,2022-11-27,organic,Hsinchu,new
1101,1102,2024-05-23,referral,Tainan,new
1103,1104,2025-08-04,referral,Taichung,new
1106,1107,2024-02-27,referral,Taoyuan,new
1108,1109,2024-09-09,partner,Taipei,new
1109,1110,2025-11-04,social,Kaohsiung,new
1110,1111,2025-03-11,partner,Tainan,new
1112,1113,2024-06-27,referral,Kaohsiung,new
1115,1116,2025-09-21,organic,Hsinchu,new
1118,1119,2023-07-25,organic,Hsinchu,new
1119,1120,2024-01-16,organic,Taipei,new
1120,1121,2023-06-13,referral,Hsinchu,new
1121,1122,2024-03-10,partner,Hsinchu,new
1122,1123,2023-03-20,referral,Taoyuan,new
1124,1125,2024-09-27,referral,Tainan,new
1128,1129,2024-09-04,partner,Taichung,new
1129,1130,2025-11-20,organic,Taichung,new
1130,1131,2025-05-05,organic,Taipei,new
1131,1132,2023-05-27,referral,Taichung,new
1133,1134,2025-10-25,social,Taipei,new
1137,1138,2023-02-07,organic,Taoyuan,new
1138,1139,2024-12-06,organic,Hsinchu,new
1140,1141,2025-08-30,referral,Taipei,new
1143,1144,2023-02-20,social,Taoyuan,new
1145,1146,2024-04-08,ads,Taichung,new
1147,1148,2025-05-07,ads,Taoyuan,new
1148,1149,2023-10-19,referral,Hsinchu,new
1149,1150,2024-11-24,referral,Tainan,new
1150,1151,2024-11-06,referral,Taoyuan,new
1152,1153,2023-06-17,ads,Taipei,new
1154,1155,2024-09-20,referral,Hsinchu,new
1156,1157,2023-04-23,partner,Tainan,new
1157,1158,2024-03-16,partner,Hsinchu,new
1158,1159,2025-08-31,organic,Taichung,new
1159,1160,2023-09-24,ads,Taipei,new
1160,1161,2023-08-30,social,Taichung,new
1161,1162,2023-11-22,referral,Tainan,new
1162,1163,2023-12-25,ads,Tainan,new
1163,1164,2023-10-27,organic,Hsinchu,new
1164,1165,2025-04-24,organic,Taoyuan,new
1166,1167,2025-04-01,organic,Taipei,new
1168,1169,2023-05-18,referral,Taichung,new
1169,1170,2025-08-27,ads,Hsinchu,new
1170,1171,2024-04-14,referral,Taoyuan,new
1171,1172,2024-04-08,organic,Taichung,new
1174,1175,2024-07-09,social,Taichung,new
1175,1176,2024-12-26,organic,Taipei,new
1176,1177,2024-07-06,partner,Taipei,new
1177,1178,2023-11-27,social,Taichung,new
1180,1181,2023-11-05,partner,Tainan,new
1181,1182,2025-03-30,partner,Tainan,new
1183,1184,2024-12-09,partner,Taichung,new
1184,1185,2025-09-29,referral,Kaohsiung,new
1186,1187,2025-02-16,referral,Taipei,new
1187,1188,2025-08-29,partner,Hsinchu,new
1190,1191,2023-11-14,ads,Hsinchu,new
1191,1192,2023-10-01,social,Hsinchu,new
1194,1195,2023-11-03,social,Hsinchu,new
1195,1196,2025-03-05,social,Kaohsiung,new
1196,1197,2025-03-25,ads,Tainan,new
1197,1198,2023-04-07,ads,Taichung,new
1198,1199,2025-05-18,referral,Taoyuan,new
1199,1200,2023-05-18,ads,Taoyuan,new
1202,1203,2025-07-30,social,Tainan,new
1205,1206,2025-09-22,partner,Taipei,new
1206,1207,2024-11-18,partner,Taipei,new
1207,1208,2024-08-30,organic,Hsinchu,new
1209,1210,2023-12-29,social,Taichung,new
1215,1216,2025-08-12,referral,Hsinchu,new
1216,1217,2025-04-28,partner,Taipei,new
1217,1218,2025-08-21,ads,Tainan,new
1218,1219,2024-03-22,referral,Hsinchu,new
1219,1220,2025-09-08,referral,Taoyuan,new
1220,1221,2023-08-18,social,Hsinchu,new
1223,1224,2023-10-10,ads,Taoyuan,new
1224,1225,2023-12-01,ads,Tainan,new
1225,1226,2023-06-20,social,Tainan,new
1226,1227,2023-05-05,referral,Hsinchu,new
1228,1229,2025-08-31,organic,Taichung,new
1231,1232,2025-11-21,referral,Taoyuan,new
1234,1235,2023-10-05,social,Hsinchu,new
1238,1239,2024-04-11,partner,Taipei,new
1239,1240,2023-02-09,ads,Taichung,new
1240,1241,2022-12-16,partner,Tainan,new
1241,1242,2023-09-16,referral,Tainan,new
1242,1243,2023-11-17,organic,Tainan,new
1243,1244,2022-12-03,organic,Taoyuan,new
1245,1246,2023-02-25,social,Tainan,new
1247,1248,2023-08-26,partner,Kaohsiung,new
1249,1250,2024-01-08,organic,Taoyuan,new
1251,1252,2025-10-20,referral,Hsinchu,new
1252,1253,2023-11-08,ads,Taoyuan,new
1256,1257,2024-01-11,referral,Taichung,new
1258,1259,2023-08-19,ads,Taichung,new
1259,1260,2025-04-15,ads,Taipei,new
1261,1262,2025-03-14,referral,Hsinchu,new
1263,1264,2023-01-28,partner,Tainan,new
1264,1265,2025-01-11,partner,Taoyuan,new
1266,1267,2024-06-10,referral,Tainan,new
1268,1269,2025-02-13,organic,Taipei,new
1272,1273,2024-09-13,referral,Taoyuan,new
1273,1274,2024-10-03,partner,Tainan,new
1275,1276,2023-02-13,social,Taipei,new
1276,1277,2023-09-08,ads,Taichung,new
1278,1279,2024-12-18,organic,Taichung,new
1282,1283,2024-08-14,referral,Kaohsiung,new
1285,1286,2024-02-23,ads,Tainan,new
1288,1289,2024-04-12,social,Kaohsiung,new
1290,1291,2025-02-09,referral,Taipei,new
1291,1292,2023-05-23,partner,Taipei,new
1292,1293,2025-02-28,partner,Kaohsiung,new
1298,1299,2025-08-18,partner,Hsinchu,new
1303,1304,2024-12-03,referral,Tainan,new
1305,1306,2022-12-18,ads,Tainan,new
1310,1311,2025-08-17,referral,Tainan,new
1312,1313,2025-02-23,partner,Tainan,new
1318,1319,2024-01-27,social,Hsinchu,new
1319,1320,2024-02-25,ads,Kaohsiung,new
1322,1323,2024-05-23,partner,Tainan,new
1326,1327,2023-12-08,social,Hsinchu,new
1328,1329,2023-01-17,social,Taoyuan,new
1329,1330,2025-07-14,partner,Kaohsiung,new
1331,1332,2024-12-04,referral,Kaohsiung,new
1332,1333,2023-09-25,ads,Hsinchu,new
1333,1334,2025-02-14,organic,Kaohsiung,new
1335,1336,2025-11-28,ads,Hsinchu,new
1337,1338,2024-02-15,partner,Taichung,new
1338,1339,2023-12-16,partner,Kaohsiung,new
1339,1340,2023-06-24,referral,Tainan,new
1340,1341,2025-09-08,referral,Tainan,new
1344,1345,2024-11-12,organic,Taipei,new
1345,1346,2024-11-26,ads,Hsinchu,new
1346,1347,2025-01-01,referral,Kaohsiung,new
1347,1348,2024-01-08,social,Hsinchu,new
1351,1352,2024-12-23,social,Kaohsiung,new
1354,1355,2024-11-19,organic,Kaohsiung,new
1356,1357,2023-03-29,ads,Hsinchu,new
1359,1360,2025-06-10,organic,Taoyuan,new
1360,1361,2024-05-27,organic,Hsinchu,new
1363,1364,2024-04-27,organic,Taichung,new
1364,1365,2023-02-21,ads,Taichung,new
1365,1366,2024-08-12,partner,Hsinchu,new
1366,1367,2023-11-10,partner,Taoyuan,new
1367,1368,2024-12-17,referral,Taoyuan,new
1369,1370,2024-04-28,referral,Taipei,new
1371,1372,2023-01-19,referral,Hsinchu,new
1375,1376,2024-06-18,ads,Taoyuan,new
1376,1377,2024-06-29,partner,Taoyuan,new
1377,1378,2024-03-26,ads,Taichung,new
1381,1382,2023-02-20,organic,Tainan,new
1383,1384,2023-05-03,organic,Taichung,new
1386,1387,2025-06-23,social,Tainan,new
1387,1388,2025-07-03,social,Taoyuan,new
1388,1389,2023-10-23,social,Tainan,new
1391,1392,2025-11-28,partner,Tainan,new
1392,1393,2024-02-04,ads,Taipei,new
1394,1395,2024-08-29,referral,Tainan,new
1395,1396,2023-05-28,partner,Hsinchu,new
1396,1397,2025-11-13,organic,Tainan,new
1400,1401,2024-11-03,organic,Taichung,new
1401,1402,2023-05-03,referral,Taipei,new
1403,1404,2023-06-04,referral,Taoyuan,new
1404,1405,2024-04-14,referral,Taipei,new
1405,1406,2024-02-25,organic,Taichung,new
1410,1411,2023-09-15,ads,Tainan,new
1411,1412,2023-07-16,organic,Taichung,new
1412,1413,2024-03-13,partner,Hsinchu,new
1413,1414,2023-01-09,partner,Taoyuan,new
1416,1417,2024-12-23,organic,Taoyuan,new
1418,1419,2024-12-04,social,Kaohsiung,new
1419,1420,2023-02-23,partner,Tainan,new
1420,1421,2025-07-26,social,Kaohsiung,new
1421,1422,2023-04-05,organic,Taichung,new
1422,1423,2025-01-16,organic,Taichung,new
1428,1429,2025-08-16,organic,Tainan,new
1431,1432,2023-02-08,ads,Taipei,new
1433,1434,2022-12-23,referral,Tainan,new
1434,1435,2025-08-11,ads,Hsinchu,new
1435,1436,2024-07-22,organic,Kaohsiung,new
1436,1437,2024-01-01,ads,Kaohsiung,new
1438,1439,2025-05-05,referral,Taoyuan,new
1441,1442,2023-11-16,referral,Taoyuan,new
1442,1443,2024-09-13,social,Taichung,new
1443,1444,2025-11-19,organic,Kaohsiung,new
1444,1445,2023-04-06,ads,Taichung,new
1449,1450,2025-01-26,referral,Taichung,new
1453,1454,2025-07-21,social,Tainan,new
1455,1456,2025-11-18,organic,Taoyuan,new
1456,1457,2023-03-05,organic,Taipei,new
1457,1458,2025-08-09,social,Tainan,new
1459,1460,2025-04-15,ads,Taichung,new
1460,1461,2023-03-09,referral,Taoyuan,new
1463,1464,2024-09-16,referral,Hsinchu,new
1465,1466,2024-06-28,ads,Taichung,new
1466,1467,2023-04-27,social,Taichung,new
1467,1468,2025-07-31,organic,Taoyuan,new
1468,1469,2022-12-14,social,Taoyuan,new
1469,1470,2025-07-26,referral,Tainan,new
1474,1475,2024-06-04,social,Tainan,new
1477,1478,2024-08-26,partner,Taichung,new
1478,1479,2023-01-23,referral,Taipei,new
1480,1481,2025-09-19,organic,Taichung,new
1482,1483,2025-01-16,social,Tainan,new
1485,1486,2023-10-10,social,Kaohsiung,new
1486,1487,2025-04-25,referral,Hsinchu,new
1487,1488,2024-03-02,organic,Taichung,new
1488,1489,2023-07-20,organic,Taipei,new
1489,1490,2024-08-03,partner,Tainan,new
1490,1491,2025-08-08,referral,Taoyuan,new
1491,1492,2025-02-11,referral,Taipei,new
1495,1496,2023-03-04,social,Taipei,new
1496,1497,2023-04-21,social,Taoyuan,new
1498,1499,2025-08-15,referral,Taipei,new
1500,1501,2025-03-11,social,Taichung,new
1501,1502,2023-11-15,referral,Taoyuan,new
1507,1508,2024-02-11,organic,Taipei,new
1508,1509,2023-07-26,ads,Hsinchu,new
1509,1510,2024-05-08,referral,Kaohsiung,new
1512,1513,2023-05-31,organic,Kaohsiung,new
1513,1514,2025-06-27,partner,Taoyuan,new
1514,1515,2023-04-05,partner,Taichung,new
1515,1516,2023-07-23,social,Tainan,new
1516,1517,2023-03-15,social,Taipei,new
1518,1519,2023-04-29,organic,Taoyuan,new
1521,1522,2023-02-08,partner,Taipei,new
1525,1526,2023-09-14,ads,Tainan,new
1526,1527,2024-06-13,referral,Hsinchu,new
1528,1529,2023-05-11,ads,Taichung,new
1529,1530,2023-09-12,social,Hsinchu,new
1530,1531,2024-01-28,partner,Taichung,new
1531,1532,2024-09-12,ads,Taichung,new
1532,1533,2025-07-05,referral,Tainan,new
1533,1534,2024-07-22,ads,Taoyuan,new
1534,1535,2022-11-27,organic,Tainan,new
1535,1536,2023-02-28,partner,Hsinchu,new
1537,1538,2023-10-31,ads,Kaohsiung,new
1538,1539,2025-04-17,partner,Taoyuan,new
1539,1540,2025-12-01,organic,Taipei,new
1540,1541,2024-03-10,organic,Taipei,new
1541,1542,2024-07-24,social,Taoyuan,new
1543,1544,2025-01-01,social,Tainan,new
1547,1548,2025-08-29,referral,Tainan,new
1548,1549,2022-11-28,social,Taichung,new
1551,1552,2023-05-20,ads,Kaohsiung,new
1560,1561,2025-02-11,organic,Taoyuan,new
1564,1565,2023-05-04,partner,Taichung,new
1565,1566,2023-03-18,partner,Taoyuan,new
1566,1567,2023-01-23,organic,Taichung,new
1567,1568,2022-12-05,referral,Kaohsiung,new
1568,1569,2023-02-27,organic,Tainan,new
1569,1570,2025-04-22,referral,Hsinchu,new
1570,1571,2024-11-12,referral,Tainan,new
1571,1572,2024-12-11,social,Tainan,new
1572,1573,2023-10-12,social,Taoyuan,new
1574,1575,2022-11-27,organic,Hsinchu,new
1575,1576,2023-02-25,ads,Taichung,new
1577,1578,2025-10-09,referral,Taoyuan,new
1578,1579,2024-08-15,referral,Tainan,new
1579,1580,2024-02-03,partner,Kaohsiung,new
1580,1581,2025-05-03,organic,Taichung,new
1581,1582,2025-01-13,partner,Taoyuan,new
1583,1584,2023-05-27,organic,Taichung,new
1585,1586,2023-06-02,ads,Taipei,new
1586,1587,2025-04-07,partner,Tainan,new
1588,1589,2024-08-18,social,Taipei,new
1589,1590,2023-12-08,partner,Tainan,new
1591,1592,2024-08-29,social,Taoyuan,new
1592,1593,2025-10-10,organic,Taipei,new
1593,1594,2023-04-16,social,Taipei,new
1594,1595,2024-10-07,social,Taipei,new
1596,1597,2023-12-23,ads,Taoyuan,new
1598,1599,2025-07-12,partner,Kaohsiung,new
1599,1600,2023-05-02,social,Hsinchu,new
1600,1601,2023-09-03,organic,Taichung,new
1601,1602,2023-02-02,partner,Kaohsiung,new
1602,1603,2024-02-10,organic,Taoyuan,new
1604,1605,2025-06-24,social,Hsinchu,new
1605,1606,2025-07-08,partner,Tainan,new
1606,1607,2023-05-05,organic,Tainan,new
1610,1611,2025-01-06,ads,Kaohsiung,new
1611,1612,2025-05-06,partner,Kaohsiung,new
1613,1614,2023-09-06,organic,Taichung,new
1616,1617,2024-05-02,referral,Kaohsiung,new
1619,1620,2024-01-25,social,Taichung,new
1620,1621,2024-04-14,ads,Taoyuan,new
1621,1622,2024-11-15,partner,Kaohsiung,new
1622,1623,2023-03-18,organic,Hsinchu,new
1623,1624,2023-04-13,ads,Hsinchu,new
1625,1626,2023-03-03,social,Kaohsiung,new
1627,1628,2022-12-05,ads,Hsinchu,new
1628,1629,2023-02-06,social,Taichung,new
1631,1632,2023-05-02,ads,Tainan,new
1633,1634,2023-12-15,ads,Taichung,new
1635,1636,2024-09-03,ads,Taipei,new
1637,1638,2025-03-05,referral,Taipei,new
1638,1639,2025-10-11,organic,Hsinchu,new
1639,1640,2025-03-11,partner,Taichung,new
1642,1643,2024-08-04,social,Taipei,new
1643,1644,2024-05-08,ads,Kaohsiung,new
1645,1646,2023-03-09,organic,Taipei,new
1646,1647,2023-05-14,ads,Tainan,new
1647,1648,2024-12-13,partner,Taoyuan,new
1648,1649,2024-07-10,referral,Taipei,new
1652,1653,2024-08-28,ads,Tainan,new
1653,1654,2024-03-17,ads,Kaohsiung,new
1654,1655,2023-09-17,partner,Tainan,new
1655,1656,2024-04-28,ads,Hsinchu,new
1657,1658,2025-05-30,organic,Taichung,new
1659,1660,2023-07-03,social,Taoyuan,new
1662,1663,2025-05-13,partner,Hsinchu,new
1663,1664,2025-10-05,partner,Hsinchu,new
1664,1665,2023-04-02,organic,Tainan,new
1665,1666,2023-05-29,ads,Taoyuan,new
1666,1667,2024-07-08,ads,Taichung,new
1667,1668,2024-04-09,social,Taichung,new
1668,1669,2025-09-29,partner,Hsinchu,new
1669,1670,2023-07-28,organic,Hsinchu,new
1672,1673,2025-05-07,referral,Kaohsiung,new
1673,1674,2022-11-27,referral,Tainan,new
1677,1678,2025-01-07,ads,Kaohsiung,new
1678,1679,2023-04-09,organic,Tainan,new
1679,1680,2023-07-01,organic,Kaohsiung,new
1680,1681,2024-03-02,referral,Kaohsiung,new
1681,1682,2024-10-07,referral,Tainan,new
1683,1684,2023-10-04,social,Taipei,new
1684,1685,2024-10-08,ads,Taoyuan,new
1685,1686,2024-04-23,organic,Taipei,new
1686,1687,2024-05-02,ads,Hsinchu,new
1687,1688,2023-12-19,partner,Taoyuan,new
1688,1689,2023-05-24,social,Hsinchu,new
1691,1692,2023-10-06,referral,Tainan,new
1692,1693,2024-03-29,partner,Hsinchu,new
1693,1694,2023-06-17,referral,Taipei,new
1695,1696,2025-05-04,social,Tainan,new
1696,1697,2024-10-09,partner,Taipei,new
1697,1698,2025-05-28,organic,Tainan,new
1698,1699,2024-02-08,social,Hsinchu,new
1699,1700,2025-04-21,organic,Taoyuan,new
1700,1701,2022-12-02,referral,Taichung,new
1701,1702,2022-12-08,referral,Hsinchu,new
1702,1703,2024-02-07,referral,Hsinchu,new
1707,1708,2023-06-27,social,Hsinchu,new
1708,1709,2023-01-23,social,Hsinchu,new
1710,1711,2025-04-05,ads,Taichung,new
1712,1713,2024-05-14,ads,Taichung,new
1713,1714,2025-01-17,organic,Taipei,new
1714,1715,2025-03-21,social,Hsinchu,new
1715,1716,2024-11-08,organic,Kaohsiung,new
1717,1718,2025-07-07,organic,Taipei,new
1718,1719,2023-10-31,organic,Kaohsiung,new
1719,1720,2024-10-15,social,Taichung,new
1722,1723,2023-04-27,partner,Taoyuan,new
1723,1724,2025-04-19,ads,Taoyuan,new
1725,1726,2025-08-21,partner,Taoyuan,new
1726,1727,2023-07-01,partner,Taipei,new
1727,1728,2024-02-16,organic,Taoyuan,new
1729,1730,2023-09-17,ads,Tainan,new
1732,1733,2024-09-02,organic,Taichung,new
1735,1736,2024-01-27,social,Taichung,new
1736,1737,2025-07-25,organic,Hsinchu,new
1737,1738,2024-04-25,organic,Taipei,new
1738,1739,2024-08-20,social,Kaohsiung,new
1739,1740,2025-02-01,referral,Hsinchu,new
1740,1741,2023-06-18,referral,Hsinchu,new
1741,1742,2023-09-04,ads,Taoyuan,new
1742,1743,2024-01-11,referral,Taipei,new
1743,1744,2023-03-07,referral,Taoyuan,new
1744,1745,2023-08-16,ads,Tainan,new
1745,1746,2023-12-18,organic,Taipei,new
1747,1748,2024-01-23,ads,Taoyuan,new
1748,1749,2022-12-04,ads,Taichung,new
1749,1750,2023-04-19,partner,Tainan,new
1752,1753,2024-08-05,organic,Taichung,new
1753,1754,2025-12-01,ads,Taichung,new
1754,1755,2023-08-29,social,Taoyuan,new
1756,1757,2023-12-06,ads,Kaohsiung,new
1757,1758,2024-12-17,ads,Taichung,new
1758,1759,2025-11-28,ads,Taichung,new
1761,1762,2024-01-02,partner,Taichung,new
1762,1763,2025-08-28,ads,Kaohsiung,new
1763,1764,2024-12-04,ads,Taipei,new
1764,1765,2023-04-29,referral,Taipei,new
1765,1766,2024-08-13,ads,Hsinchu,new
1767,1768,2023-05-09,referral,Hsinchu,new
1770,1771,2024-07-14,social,Taoyuan,new
1775,1776,2024-09-08,organic,Taipei,new
1776,1777,2025-06-24,social,Tainan,new
1777,1778,2024-01-26,referral,Taipei,new
1778,1779,2024-03-18,organic,Taichung,new
1780,1781,2024-08-17,organic,Tainan,new
1783,1784,2023-08-02,partner,Taichung,new
1784,1785,2025-06-07,ads,Kaohsiung,new
1786,1787,2024-03-10,ads,Tainan,new
1787,1788,2023-05-19,referral,Taoyuan,new
1790,1791,2023-08-19,partner,Hsinchu,new
1793,1794,2025-09-25,referral,Taichung,new
1797,1798,2025-06-11,partner,Hsinchu,new
1798,1799,2025-02-26,ads,Kaohsiung,new
1799,1800,2024-04-14,partner,Hsinchu,new
1800,1801,2023-12-10,referral,Kaohsiung,new
1804,1805,2023-12-10,partner,Taichung,new
1805,1806,2024-04-22,ads,Taichung,new
1807,1808,2024-05-02,social,Taichung,new
1808,1809,2023-06-16,organic,Tainan,new
1809,1810,2023-10-12,organic,Tainan,new
1811,1812,2024-05-20,ads,Kaohsiung,new
1813,1814,2024-06-20,partner,Tainan,new
1814,1815,2024-04-07,ads,Tainan,new
1816,1817,2023-07-24,organic,Taoyuan,new
1817,1818,2025-07-23,referral,Hsinchu,new
1818,1819,2024-03-23,ads,Taichung,new
1819,1820,2024-03-18,social,Tainan,new
1820,1821,2023-04-28,social,Hsinchu,new
1823,1824,2025-05-14,organic,Taoyuan,new
1828,1829,2025-09-14,partner,Tainan,new
1831,1832,2024-01-10,social,Taichung,new
1833,1834,2024-09-13,ads,Tainan,new
1834,1835,2024-10-30,ads,Taichung,new
1835,1836,2023-01-23,referral,Hsinchu,new
1837,1838,2025-04-02,ads,Tainan,new
1839,1840,2025-03-09,ads,Hsinchu,new
1840,1841,2024-08-09,ads,Taipei,new
1841,1842,2024-07-05,ads,Tainan,new
1842,1843,2022-12-26,social,Taoyuan,new
1844,1845,2023-06-14,partner,Taipei,new
1845,1846,2023-01-28,partner,Hsinchu,new
1849,1850,2022-12-01,partner,Kaohsiung,new
1850,1851,2025-06-08,organic,Hsinchu,new
1854,1855,2024-04-27,partner,Hsinchu,new
1855,1856,2024-11-06,ads,Kaohsiung,new
1856,1857,2024-07-08,organic,Taoyuan,new
1857,1858,2024-01-27,social,Taipei,new
1858,1859,2023-06-27,referral,Taichung,new
1859,1860,2025-07-28,ads,Taipei,new
1860,1861,2025-09-13,partner,Taipei,new
1862,1863,2025-08-30,partner,Kaohsiung,new
1864,1865,2022-12-30,ads,Hsinchu,new
1865,1866,2023-06-20,organic,Tainan,new
1866,1867,2024-04-12,ads,Kaohsiung,new
1867,1868,2025-08-08,partner,Tainan,new
1868,1869,2024-06-14,partner,Hsinchu,new
1870,1871,2025-03-21,organic,Tainan,new
1874,1875,2025-01-05,organic,Taoyuan,new
1875,1876,2024-03-15,partner,Taipei,new
1877,1878,2024-01-25,organic,Taipei,new
1878,1879,2025-06-30,referral,Taoyuan,new
1879,1880,2025-01-02,social,Taichung,new
1880,1881,2025-06-21,referral,Taichung,new
1882,1883,2024-08-14,partner,Tainan,new
1884,1885,2024-10-17,ads,Hsinchu,new
1885,1886,2024-08-08,ads,Kaohsiung,new
1887,1888,2024-02-09,social,Taoyuan,new
1889,1890,2025-07-27,organic,Taichung,new
1890,1891,2025-06-11,organic,Kaohsiung,new
1891,1892,2024-10-01,ads,Taoyuan,new
1892,1893,2025-08-26,social,Taichung,new
1893,1894,2023-12-29,referral,Kaohsiung,new
1894,1895,2024-12-27,referral,Tainan,new
1896,1897,2023-02-13,organic,Hsinchu,new
1898,1899,2023-07-15,partner,Tainan,new
1900,1901,2024-05-17,referral,Taipei,new
1902,1903,2024-11-26,organic,Taipei,new
1903,1904,2024-06-06,organic,Taipei,new
1904,1905,2023-10-16,social,Kaohsiung,new
1905,1906,2024-08-05,ads,Taoyuan,new
1906,1907,2025-04-20,ads,Tainan,new
1907,1908,2023-05-14,referral,Taoyuan,new
1908,1909,2025-06-17,ads,Taipei,new
1909,1910,2023-12-14,organic,Taichung,new
1910,1911,2025-10-02,referral,Taipei,new
1912,1913,2025-09-28,referral,Tainan,new
1914,1915,2023-11-21,social,Hsinchu,new
1916,1917,2024-07-31,social,Tainan,new
1917,1918,2025-01-30,ads,Taipei,new
1919,1920,2025-08-30,partner,Tainan,new
1920,1921,2023-02-04,organic,Taichung,new
1923,1924,2023-05-25,referral,Kaohsiung,new
1924,1925,2024-05-28,social,Taipei,new
1927,1928,2024-07-15,organic,Taipei,new
1928,1929,2024-12-21,referral,Tainan,new
1933,1934,2025-03-22,ads,Tainan,new
1934,1935,2024-10-22,referral,Taipei,new
1936,1937,2025-09-12,referral,Taichung,new
1937,1938,2023-08-15,ads,Taoyuan,new
1944,1945,2024-02-05,social,Taichung,new
1947,1948,2023-10-27,organic,Hsinchu,new
1949,1950,2024-05-27,organic,Taipei,new
1952,1953,2023-06-01,organic,Kaohsiung,new
1953,1954,2025-08-08,referral,Tainan,new
1959,1960,2022-12-08,partner,Hsinchu,new
1960,1961,2023-05-14,organic,Taipei,new
1961,1962,2024-02-24,referral,Taipei,new
1962,1963,2024-05-08,social,Hsinchu,new
1963,1964,2024-07-05,referral,Taichung,new
1964,1965,2023-04-06,ads,Tainan,new
1965,1966,2025-09-22,ads,Taipei,new
1971,1972,2024-05-26,ads,Taichung,new
1972,1973,2025-03-09,partner,Taipei,new
1973,1974,2024-08-10,organic,Kaohsiung,new
1974,1975,2025-08-19,partner,Hsinchu,new
1975,1976,2024-05-01,referral,Taipei,new
1976,1977,2022-12-16,organic,Taipei,new
1977,1978,2024-06-12,partner,Taoyuan,new
1982,1983,2025-06-13,referral,Hsinchu,new
1983,1984,2024-10-19,referral,Taichung,new
1984,1985,2024-02-13,partner,Taoyuan,new
1985,1986,2024-08-02,ads,Tainan,new
1986,1987,2023-02-20,ads,Taichung,new
1987,1988,2023-05-17,partner,Kaohsiung,new
1988,1989,2024-06-30,ads,Kaohsiung,new
1989,1990,2023-11-12,partner,Taoyuan,new
1990,1991,2024-02-26,ads,Tainan,new
1991,1992,2025-08-14,organic,Taoyuan,new
1992,1993,2023-11-02,social,Tainan,new
1998,1999,2023-04-29,organic,Taichung,new
1999,2000,2025-06-12,partner,Taichung,new
2001,2002,2024-01-27,ads,Hsinchu,new
2002,2003,2025-08-06,social,Tainan,new
2003,2004,2023-08-07,social,Taoyuan,new
2004,2005,2023-07-20,ads,Taichung,new
2005,2006,2022-12-30,organic,Kaohsiung,new
2007,2008,2024-02-14,organic,Taoyuan,new
2008,2009,2025-10-13,referral,Taoyuan,new
2009,2010,2023-07-02,ads,Taoyuan,new
2013,2014,2025-01-07,ads,Tainan,new
2015,2016,2025-06-23,partner,Taipei,new
2017,2018,2023-12-31,social,Taoyuan,new
2018,2019,2022-12-08,social,Tainan,new
2019,2020,2024-08-18,ads,Taoyuan,new
2020,2021,2024-07-15,organic,Taichung,new
2021,2022,2024-06-17,partner,Hsinchu,new
2023,2024,2025-01-27,referral,Kaohsiung,new
2024,2025,2025-05-05,organic,Taoyuan,new
2027,2028,2025-01-28,referral,Hsinchu,new
2028,2029,2025-08-22,organic,Taipei,new
2029,2030,2024-12-07,organic,Taichung,new
2030,2031,2025-06-13,social,Taipei,new
2031,2032,2024-11-22,partner,Kaohsiung,new
2032,2033,2025-01-11,referral,Hsinchu,new
2033,2034,2024-06-08,ads,Taipei,new
2035,2036,2024-09-08,referral,Taipei,new
2036,2037,2025-06-02,ads,Kaohsiung,new
2038,2039,2024-04-11,organic,Taichung,new
2039,2040,2024-07-16,social,Kaohsiung,new
2040,2041,2024-09-29,referral,Taipei,new
2041,2042,2024-09-26,ads,Taipei,new
2042,2043,2024-05-26,ads,Taichung,new
2044,2045,2024-02-18,social,Taipei,new
2045,2046,2025-03-15,partner,Taichung,new
2048,2049,2023-01-18,social,Kaohsiung,new
2049,2050,2024-03-09,ads,Taipei,new
2050,2051,2023-12-11,organic,Taipei,new
2051,2052,2023-10-07,referral,Taichung,new
2052,2053,2023-06-10,partner,Kaohsiung,new
2054,2055,2023-04-11,partner,Taichung,new
2056,2057,2022-12-11,organic,Kaohsiung,new
2057,2058,2025-05-04,partner,Taichung,new
2058,2059,2025-01-04,social,Tainan,new
2060,2061,2024-12-05,partner,Tainan,new
2062,2063,2023-04-17,ads,Taichung,new
2063,2064,2023-08-27,ads,Kaohsiung,new
2065,2066,2025-01-17,social,Tainan,new
2066,2067,2024-04-17,ads,Taoyuan,new
2068,2069,2025-10-28,social,Kaohsiung,new
2069,2070,2023-07-19,organic,Taoyuan,new
2071,2072,2024-04-20,partner,Tainan,new
2075,2076,2024-03-01,referral,Hsinchu,new
2076,2077,2025-10-28,referral,Tainan,new
2078,2079,2024-07-18,ads,Tainan,new
2080,2081,2023-09-22,partner,Taipei,new
2082,2083,2023-12-09,ads,Tainan,new
2083,2084,2022-12-18,organic,Taipei,new
2084,2085,2024-11-10,partner,Kaohsiung,new
2087,2088,2024-02-28,partner,Taoyuan,new
2089,2090,2025-08-26,partner,Taipei,new
2091,2092,2025-11-06,referral,Kaohsiung,new
2094,2095,2023-05-03,organic,Tainan,new
2095,2096,2023-11-18,ads,Taipei,new
2098,2099,2025-03-29,ads,Hsinchu,new
2100,2101,2024-04-24,organic,Taichung,new
2101,2102,2024-03-07,partner,Taoyuan,new
2102,2103,2023-05-12,organic,Taichung,new
2106,2107,2024-07-25,ads,Taipei,new
2109,2110,2024-12-11,referral,Taipei,new
2110,2111,2025-08-16,organic,Kaohsiung,new
2111,2112,2025-02-16,partner,Tainan,new
2112,2113,2024-11-30,partner,Taichung,new
2114,2115,2023-08-03,partner,Taoyuan,new
2117,2118,2024-12-01,organic,Hsinchu,new
2118,2119,2025-03-18,social,Taichung,new
2119,2120,2024-12-01,social,Kaohsiung,new
2120,2121,2023-05-13,partner,Tainan,new
2121,2122,2023-03-10,social,Taipei,new
2123,2124,2024-04-17,social,Hsinchu,new
2124,2125,2023-10-31,organic,Taichung,new
2125,2126,2025-04-23,ads,Hsinchu,new
2127,2128,2023-04-14,social,Taipei,new
2128,2129,2025-01-15,social,Taoyuan,new
2129,2130,2024-04-05,partner,Taichung,new
2130,2131,2023-02-21,ads,Taoyuan,new
2132,2133,2024-02-07,organic,Hsinchu,new
2135,2136,2024-02-22,referral,Taoyuan,new
2136,2137,2023-07-27,partner,Taichung,new
2137,2138,2025-08-23,referral,Hsinchu,new
2140,2141,2023-06-19,organic,Tainan,new
2142,2143,2023-04-25,social,Taichung,new
2147,2148,2024-05-05,organic,Tainan,new
2148,2149,2024-09-03,social,Taipei,new
2150,2151,2023-01-15,referral,Kaohsiung,new
2151,2152,2024-11-02,social,Tainan,new
2152,2153,2025-05-11,partner,Kaohsiung,new
2153,2154,2023-12-25,referral,Taipei,new
2154,2155,2024-12-05,partner,Taoyuan,new
2155,2156,2024-12-13,referral,Tainan,new
2156,2157,2024-11-07,organic,Hsinchu,new
2158,2159,2025-06-19,ads,Tainan,new
2160,2161,2025-06-02,organic,Taichung,new
2162,2163,2023-10-07,organic,Taipei,new
2163,2164,2023-08-20,ads,Taichung,new
2164,2165,2023-09-09,social,Tainan,new
2165,2166,2025-07-23,referral,Taipei,new
2171,2172,2024-07-11,organic,Hsinchu,new
2172,2173,2023-10-22,social,Hsinchu,new
2173,2174,2023-12-26,partner,Tainan,new
2174,2175,2023-11-28,partner,Kaohsiung,new
2175,2176,2023-01-04,organic,Taoyuan,new
2176,2177,2023-12-30,referral,Kaohsiung,new
2179,2180,2025-09-11,ads,Taipei,new
2180,2181,2024-03-27,social,Kaohsiung,new
2182,2183,2023-02-04,ads,Taoyuan,new
2185,2186,2023-03-10,organic,Taipei,new
2187,2188,2023-07-01,ads,Taipei,new
2189,2190,2023-10-28,social,Taichung,new
2191,2192,2024-02-15,partner,Hsinchu,new
2192,2193,2023-11-19,referral,Taichung,new
2193,2194,2024-09-05,ads,Taipei,new
2194,2195,2023-07-11,ads,Tainan,new
2195,2196,2024-03-16,ads,Kaohsiung,new
2198,2199,2024-06-22,referral,Taoyuan,new
2201,2202,2023-04-10,organic,Taoyuan,new
2203,2204,2023-06-11,partner,Kaohsiung,new
2205,2206,2023-04-18,partner,Hsinchu,new
2208,2209,2023-10-15,ads,Kaohsiung,new
2212,2213,2024-12-16,ads,Taichung,new
2215,2216,2025-08-14,organic,Hsinchu,new
2216,2217,2023-01-26,organic,Taipei,new
2217,2218,2024-04-30,ads,Tainan,new
2219,2220,2025-01-28,referral,Kaohsiung,new
2221,2222,2024-11-24,organic,Hsinchu,new
2222,2223,2025-01-29,social,Taichung,new
2225,2226,2025-11-09,partner,Taoyuan,new
2226,2227,2023-02-03,organic,Hsinchu,new
2229,2230,2025-08-11,referral,Kaohsiung,new
2231,2232,2024-08-09,partner,Tainan,new
2232,2233,2025-10-31,partner,Kaohsiung,new
2233,2234,2024-08-30,referral,Kaohsiung,new
2234,2235,2023-11-16,ads,Taoyuan,new
2235,2236,2023-09-17,organic,Tainan,new
2236,2237,2023-07-18,ads,Hsinchu,new
2239,2240,2025-08-07,organic,Hsinchu,new
2240,2241,2025-10-29,organic,Taipei,new
2241,2242,2023-07-31,organic,Taipei,new
2242,2243,2025-03-25,partner,Kaohsiung,new
2243,2244,2023-01-14,social,Taoyuan,new
2244,2245,2024-06-28,ads,Taipei,new
2245,2246,2023-07-09,partner,Taoyuan,new
2246,2247,2025-10-12,social,Taipei,new
2247,2248,2024-02-10,partner,Hsinchu,new
2249,2250,2023-04-14,ads,Taipei,new
2253,2254,2023-11-15,partner,Hsinchu,new
2255,2256,2024-05-16,referral,Kaohsiung,new
2256,2257,2025-01-04,organic,Taichung,new
2257,2258,2025-04-17,referral,Taipei,new
2261,2262,2025-06-04,social,Hsinchu,new
2262,2263,2023-12-19,referral,Taoyuan,new
2264,2265,2023-08-30,social,Tainan,new
2265,2266,2023-03-30,organic,Tainan,new
2266,2267,2024-01-03,social,Taichung,new
2270,2271,2024-04-13,ads,Taoyuan,new
2271,2272,2023-06-23,social,Tainan,new
2272,2273,2024-09-07,referral,Kaohsiung,new
2276,2277,2023-06-20,social,Tainan,new
2278,2279,2023-05-24,referral,Taoyuan,new
2279,2280,2024-01-07,partner,Kaohsiung,new
2283,2284,2025-10-10,ads,Hsinchu,new
2285,2286,2023-10-29,organic,Taichung,new
2287,2288,2023-03-22,partner,Taichung,new
2288,2289,2024-03-06,partner,Taichung,new
2289,2290,2024-07-17,ads,Tainan,new
2291,2292,2025-05-27,ads,Hsinchu,new
2293,2294,2025-03-27,ads,Hsinchu,new
2294,2295,2024-03-10,organic,Tainan,new
2297,2298,2022-11-29,referral,Taoyuan,new
2298,2299,2024-06-21,partner,Taoyuan,new
2299,2300,2024-03-05,social,Taoyuan,new
2301,2302,2025-04-17,referral,Tainan,new
2302,2303,2024-04-12,social,Hsinchu,new
2303,2304,2023-06-02,ads,Taichung,new
2307,2308,2023-06-15,ads,Tainan,new
2308,2309,2025-07-31,social,Taipei,new
2310,2311,2025-01-30,ads,Kaohsiung,new
2311,2312,2023-02-01,referral,Taichung,new
2313,2314,2025-07-19,social,Hsinchu,new
2314,2315,2023-03-02,referral,Hsinchu,new
2315,2316,2024-02-19,referral,Hsinchu,new
2316,2317,2023-05-29,partner,Taipei,new
2320,2321,2023-06-05,referral,Taoyuan,new
2321,2322,2025-01-24,partner,Taichung,new
2323,2324,2023-01-21,referral,Taichung,new
2324,2325,2023-10-06,referral,Taoyuan,new
2325,2326,2023-02-18,organic,Kaohsiung,new
2327,2328,2025-06-14,social,Taichung,new
2329,2330,2025-09-30,social,Taichung,new
2333,2334,2024-10-13,referral,Taipei,new
2334,2335,2025-05-15,ads,Kaohsiung,new
2335,2336,2025-01-01,referral,Hsinchu,new
2336,2337,2025-04-07,partner,Tainan,new
2337,2338,2025-02-07,partner,Taipei,new
2339,2340,2025-04-17,organic,Kaohsiung,new
2340,2341,2025-08-27,partner,Tainan,new
2342,2343,2023-01-03,organic,Kaohsiung,new
2344,2345,2023-08-07,social,Taichung,new
2346,2347,2023-06-29,ads,Tainan,new
2347,2348,2024-06-16,partner,Taipei,new
2348,2349,2025-07-27,partner,Kaohsiung,new
2350,2351,2023-05-10,organic,Kaohsiung,new
2351,2352,2024-07-03,organic,Taichung,new
2353,2354,2025-01-08,partner,Taipei,new
2354,2355,2025-02-14,organic,Kaohsiung,new
2355,2356,2023-11-23,ads,Kaohsiung,new
2357,2358,2023-04-14,organic,Tainan,new
2358,2359,2025-11-05,organic,Hsinchu,new
2361,2362,2024-08-06,partner,Kaohsiung,new
2364,2365,2024-09-10,partner,Taipei,new
2365,2366,2023-05-09,referral,Taichung,new
2367,2368,2024-05-05,ads,Kaohsiung,new
2368,2369,2025-01-07,referral,Taipei,new
2371,2372,2023-08-07,organic,Tainan,new
2372,2373,2024-03-09,ads,Taichung,new
2373,2374,2022-12-29,partner,Taichung,new
2374,2375,2025-08-23,partner,Tainan,new
2375,2376,2025-05-04,ads,Tainan,new
2376,2377,2024-02-17,ads,Hsinchu,new
2378,2379,2024-07-25,partner,Taichung,new
2379,2380,2024-06-29,ads,Kaohsiung,new
2381,2382,2024-10-24,organic,Taichung,new
2382,2383,2024-02-02,partner,Tainan,new
2383,2384,2024-06-30,partner,Tainan,new
2384,2385,2025-05-09,partner,Tainan,new
2385,2386,2023-09-16,partner,Tainan,new
2386,2387,2025-01-06,referral,Taipei,new
2387,2388,2023-03-22,referral,Taoyuan,new
2388,2389,2024-06-11,organic,Kaohsiung,new
2389,2390,2024-08-06,referral,Tainan,new
2392,2393,2022-12-08,ads,Taoyuan,new
2393,2394,2023-04-04,referral,Kaohsiung,new
2395,2396,2023-04-07,referral,Taipei,new
2396,2397,2025-05-19,partner,Tainan,new
2397,2398,2023-09-30,partner,Taichung,new
2399,2400,2025-04-15,social,Kaohsiung,new
2400,2401,2023-05-18,social,Taoyuan,new
2404,2405,2025-02-11,social,Tainan,new
2405,2406,2025-08-27,organic,Tainan,new
2407,2408,2024-11-03,social,Tainan,new
2409,2410,2024-12-25,ads,Taoyuan,new
2411,2412,2024-03-18,ads,Taipei,new
2412,2413,2025-08-14,organic,Taichung,new
2413,2414,2024-04-27,ads,Hsinchu,new
2414,2415,2023-04-20,social,Taichung,new
2415,2416,2023-05-08,social,Hsinchu,new
2416,2417,2024-05-23,partner,Taipei,new
2417,2418,2025-03-08,ads,Kaohsiung,new
2418,2419,2024-04-14,social,Taoyuan,new
2420,2421,2024-08-23,ads,Taipei,new
2421,2422,2024-12-04,organic,Hsinchu,new
2422,2423,2025-08-08,ads,Taipei,new
2423,2424,2025-10-17,organic,Taipei,new
2424,2425,2023-05-06,referral,Hsinchu,new
2428,2429,2024-01-11,organic,Taoyuan,new
2429,2430,2024-05-27,social,Tainan,new
2430,2431,2024-01-24,referral,Tainan,new
2431,2432,2024-02-18,partner,Kaohsiung,new
2432,2433,2024-07-06,ads,Taichung,new
2433,2434,2025-05-21,partner,Taoyuan,new
2434,2435,2025-04-20,partner,Taoyuan,new
2435,2436,2024-03-29,ads,Tainan,new
2436,2437,2025-07-19,referral,Hsinchu,new
2437,2438,2025-10-14,social,Taichung,new
2439,2440,2024-10-25,social,Taipei,new
2440,2441,2023-06-09,ads,Hsinchu,new
2441,2442,2025-03-10,partner,Taichung,new
2442,2443,2025-06-11,organic,Taipei,new
2443,2444,2025-02-23,organic,Taichung,new
2445,2446,2024-07-03,referral,Hsinchu,new
2446,2447,2025-08-08,referral,Taipei,new
2449,2450,2025-09-10,partner,Hsinchu,new
2451,2452,2024-07-09,referral,Taichung,new
2452,2453,2023-05-01,social,Taipei,new
2453,2454,2024-10-12,social,Taoyuan,new
2455,2456,2025-05-25,ads,Taoyuan,new
2456,2457,2024-07-29,social,Taipei,new
2457,2458,2023-02-01,referral,Tainan,new
2458,2459,2025-01-02,social,Taoyuan,new
2462,2463,2023-04-05,organic,Tainan,new
2466,2467,2023-09-12,social,Taoyuan,new
2467,2468,2023-04-09,ads,Kaohsiung,new
2469,2470,2024-01-15,social,Hsinchu,new
2470,2471,2023-07-22,referral,Taoyuan,new
2471,2472,2024-11-09,social,Hsinchu,new
2472,2473,2022-11-29,ads,Hsinchu,new
2473,2474,2025-07-08,organic,Hsinchu,new
2474,2475,2025-05-16,ads,Hsinchu,new
2476,2477,2023-08-30,social,Hsinchu,new
2479,2480,2024-10-21,referral,Taipei,new
2480,2481,2025-05-22,organic,Taichung,new
2482,2483,2025-04-13,partner,Taipei,new
2486,2487,2024-07-25,ads,Kaohsiung,new
2488,2489,2025-04-28,referral,Kaohsiung,new
2489,2490,2024-03-16,social,Taichung,new
2490,2491,2024-01-02,social,Kaohsiung,new
2493,2494,2022-12-25,organic,Tainan,new
2498,2499,2023-01-31,social,Hsinchu,new
2499,2500,2023-02-12,organic,Kaohsiung,new
